{
  "video_id": "cv_1045",
  "reference_method": "LANet",
  "blur_path": "/home/cortin/Downloads/test/blur/cv_1045.mp4",
  "reference_path": "/home/cortin/Downloads/test/gt/cv_1045_LANet.mp4",
  "enhanced_path": "/home/cortin/Downloads/test/output/cv_1045.mp4",
  "frame_step": 10,
  "metric_scale": 0.5,
  "frames_evaluated": 58,
  "metrics": {
    "psnr_input_ref": {
      "mean": 25.805460570894805,
      "stddev": 1.524389091005796,
      "min": 22.70166800610637,
      "max": 28.78341869770875
    },
    "psnr_enhanced_ref": {
      "mean": 31.439520684060856,
      "stddev": 0.9558681089619929,
      "min": 28.832617497428753,
      "max": 33.695451327713435
    },
    "delta_psnr": {
      "mean": 5.634060113166052,
      "stddev": 1.4472048102489954,
      "min": 1.7137328536462881,
      "max": 7.818639743709042
    },
    "ssim_input_ref": {
      "mean": 0.9525958788267684,
      "stddev": 0.009325807434432327,
      "min": 0.9256132320855253,
      "max": 0.9635925383339966
    },
    "ssim_enhanced_ref": {
      "mean": 0.9803620720828838,
      "stddev": 0.00447504422746572,
      "min": 0.9657405531336475,
      "max": 0.9890729926277254
    },
    "delta_ssim": {
      "mean": 0.02776619325611538,
      "stddev": 0.00912126000262533,
      "min": 0.016886549425387365,
      "max": 0.054256871971458454
    },
    "uciqe_input": {
      "mean": 0.21042121929017485,
      "stddev": 0.018940305273224663,
      "min": 0.17197028213897173,
      "max": 0.2514361993812463
    },
    "uciqe_enhanced": {
      "mean": 0.25825681354200386,
      "stddev": 0.018792214278890655,
      "min": 0.2175080642359222,
      "max": 0.29242663548606285
    },
    "delta_uciqe": {
      "mean": 0.04783559425182897,
      "stddev": 0.002999003959030115,
      "min": 0.03968346990732585,
      "max": 0.05380707824282785
    },
    "uiqm_input": {
      "mean": 4.7768009152695505,
      "stddev": 0.1323729703787473,
      "min": 4.509740661247707,
      "max": 5.21738996331409
    },
    "uiqm_enhanced": {
      "mean": 4.754719111647114,
      "stddev": 0.15904420605785585,
      "min": 4.465721337666274,
      "max": 5.311826297182816
    },
    "delta_uiqm": {
      "mean": -0.022081803622435035,
      "stddev": 0.05383395964056189,
      "min": -0.17882685768526585,
      "max": 0.09443633386872641
    }
  }
}