{
  "video_id": "cv_1045",
  "reference_method": "LANet",
  "blur_path": "/home/cortin/Downloads/test/blur/cv_1045.mp4",
  "reference_path": "/home/cortin/Downloads/test/gt/cv_1045_LANet.mp4",
  "enhanced_path": "/home/cortin/Downloads/test/output_compare/cv_1045_detector_mode.mp4",
  "frame_step": 10,
  "metric_scale": 0.5,
  "frames_evaluated": 58,
  "metrics": {
    "psnr_input_ref": {
      "mean": 25.805460570894805,
      "stddev": 1.524389091005796,
      "min": 22.70166800610637,
      "max": 28.78341869770875
    },
    "psnr_enhanced_ref": {
      "mean": 30.301306527706537,
      "stddev": 1.0409092345620952,
      "min": 27.580513373724575,
      "max": 31.76449820268177
    },
    "delta_psnr": {
      "mean": 4.495845956811728,
      "stddev": 1.315676529213015,
      "min": 1.0558288951138834,
      "max": 6.040195609810034
    },
    "ssim_input_ref": {
      "mean": 0.9525958788267684,
      "stddev": 0.009325807434432327,
      "min": 0.9256132320855253,
      "max": 0.9635925383339966
    },
    "ssim_enhanced_ref": {
      "mean": 0.9618940642847165,
      "stddev": 0.008424964735624612,
      "min": 0.9378841654976879,
      "max": 0.9734570381738031
    },
    "delta_ssim": {
      "mean": 0.009298185457948083,
      "stddev": 0.0020785404384273515,
      "min": 0.0059377016864956556,
      "max": 0.015829645685839
    },
    "uciqe_input": {
      "mean": 0.21042121929017485,
      "stddev": 0.018940305273224663,
      "min": 0.17197028213897173,
      "max": 0.2514361993812463
    },
    "uciqe_enhanced": {
      "mean": 0.22352894437955523,
      "stddev": 0.019056869830280425,
      "min": 0.18319783262382539,
      "max": 0.26616567767542954
    },
    "delta_uciqe": {
      "mean": 0.013107725089380391,
      "stddev": 0.0013122801970660701,
      "min": 0.010186068457803316,
      "max": 0.017085157733454398
    },
    "uiqm_input": {
      "mean": 4.7768009152695505,
      "stddev": 0.1323729703787473,
      "min": 4.509740661247707,
      "max": 5.21738996331409
    },
    "uiqm_enhanced": {
      "mean": 4.912405999144607,
      "stddev": 0.14134718390509987,
      "min": 4.621284623705626,
      "max": 5.3599460530523535
    },
    "delta_uiqm": {
      "mean": 0.13560508387505663,
      "stddev": 0.03192517400579387,
      "min": 0.07455683049708739,
      "max": 0.20109410523907378
    }
  }
}